Manufacturer Name,Abbreviation
"Sumitomo Rubber Industries, Ltd.",SMTUF
The Heil Co.,TEX
"International Motors, LLC",
"Mack Trucks, Inc.",VLVLY
Volvo Trucks North America,VLVLY
Ford Motor Company,F
"Jaguar Land Rover North America, LLC",TTM
"Mercedes-Benz USA, LLC",MBG
"Altec Industries, Inc.",
"Suzuki Motor USA, LLC",SZKMY
"Nissan North America, Inc.",NSANY
"Grand Design RV, LLC",WGO
FONTAINE MODIFICATION CO.,BRK.A
Holley Performance Products,HILLY
"Winnebago Industries, Inc.",WGO
Vanguard National Trailer Corporation,
"Bendix Commercial Vehicle Systems, LLC",KBX
Storyteller Overland,
Brinkley RV,
Premier Trailer Solutions LLC,
"Kia America, Inc.",KRX
"Porsche Cars North America, Inc.",POAHF
Grech Motors Inc.,
"Tesla, Inc.",TSLA
DEXTER AXLE,
"Forest River, Inc.",BRK.A
"General Motors, LLC",GM
Hyundai Motor America,KRW
"Tiffin Motorhomes, Inc.",
"Chrysler (FCA US, LLC)",STLA
"BMW of North America, LLC",BMW.DE
"Ferrari North America, Inc.",RACE
Lamborghini (Automobili Lamborghini),VWAGY
Nova Bus (US) Inc.,VLVLY
Rosenbauer America,ROS
Terran Industries LLC,LLAPW
PEABODY GALION CORP.,BTU
Volvo Bus Corporation,VLVLY
"Continental Tire the Americas, LLC",CTTAY
Winnebago Towable,WGO
"American Manufacturing Operations, INC.",
Wilson Trailer Company,
"Malibu Boats, LLC",MBUU
"Peragon Enterprises, Inc.",
"Daimler Vans USA, LLC",MBGYY
Centropneus SRL,
"Mitsubishi Fuso Truck of America, Inc.",DTG
Prevost Car (US) Inc.,VLVLY
Zero Motorcycles Inc.,
"SAAB CARS USA, INC.",
Motor Coach Industries,NFI
Motiv Power Systems,WKHS
"Polestar Automotive USA, Inc.",PSNY
Shyft Group,SHYF
"Bombardier Recreational Products, Inc.",DOOO
"Autocar, LLC",
"Airstream, Inc.",THO
Cooper Tire & Rubber Co.,GT
PT. Elangperdana Tyre Industry,
Terminal Investment Corporation,
Orange EV,
"Daimler Trucks North America, LLC",DTG
Oshkosh Corporation,OSK
PACCAR Incorporated,PCAR
Honda (American Honda Motor Co.),HMC
Temsa,
"Volkswagen Group of America, Inc.",VWAGY
"ALFA ROMEO, INCORPORATED",STLA
Newmar Corporation,WGO
Great Dane Trailers,
"NABI Bus, LLC",
Supreme Corporation,WNC
"Subaru of America, Inc.",FUJHY
Mazda North American Operations,MZDAY
Bowlus Road Chief LLC,
Keystone RV Company,THO
REV Recreation Group,REVG
Bontrager Outdoors,
Reading Truck Group LLC,
"Evenflo Company, Inc.",
"Foretravel, Inc.",
"Volvo Car USA, LLC",VLVLY
"Rivian Automotive, LLC",RIVN
Braun Corporation,BF-B
GEM WAEV LLC,GEM.V
Starcraft RV,
"Kawasaki Motors Corp., U.S.A.",KWHIY
Harley-Davidson Motor Company,HOG
Triple E Recreational Vehicles,
"Mitsubishi Motors North America, Inc.",MMTOF
DANA CORPORATION,DAN
"Forest River Bus, LLC",
"Jayco, Inc.",THO
Micro DOT Helmet Co.,
"Battle Motors, Inc.",
"Zoox, Inc.",ZOOX
Hyundai Translead,HYMLF
Custom Truck And Body Works,
"Sailun Tire Americas, Inc.",
"Braun Industries, Inc.",
BorgWarner,BWA
Isuzu Motors Limited,ISUZY
FREIGHTLINER LLC,MBGAF
Toyota Motor Engineering & Manufacturing,TM
"Michelin North America, Inc.",ML
"Alliance RV, LLC",ARLP
Aluminum Trailer Company (ATC),
Waymo LLC,GOOG
"Heartland Recreational Vehicles, LLC",HTLD
DRV Suites,DRV
CARDINAL MFG. CO.,
Aston Martin The Americas,AML:LSE
Thor Motor Coach,THO
"K.Z., Inc.",KZ
Blue Bird Body Company,BLBD
Dainese S.p.A.,
Redundant JAGUAR ROVER TRIUMPH INC.,TTM
"Key Safety Systems, Inc. - (DBA Joyson)",600699.SS
Highland Ridge RV,
YOUNG TRAILER & MFG. CO.,YTM
Dorel Juvenile Group,DIIBF
Pure Sports Distributing Inc.,
Carrier Corporation,CARR
Goodyear Tire & Rubber Company,GT
"Maserati North America, Inc.",STLA
"PALM INDUSTRIES, INC.",
"MORryde International, Inc.",MURYF
East Trailers LLC,
McLaren Automotive Incorporated,3ML.F
Hiab USA Inc.,CYJBF
ILJIN Hysolus,
WHITE RIVER MARINE GROUP LLC,
"Corp. Micro Bird, Inc.",BLBD
FRANK INDUSTRIES,
"Gillig, LLC",
"Bollinger Motors, Inc.",BINI
Our Next Energy,
"Buck Dandy Co., Inc.",
"Chicco USA, Inc.",
MOTOR WHEEL CORP.,
"Lucid USA, Inc.",LCID
"ZF North America, Inc.",ZF
BROCKWAY MOTOR TRUCKS,
Bridgestone Americas Tire Operations,SSDIY
"Lazy Daze, Inc.",
Meyle AG,
"Cummins, Inc.",CMI
"Big Dog Motorcycles, LLC",
"Ineos Automotive Americas, LLC",
Daimler Coaches North America,DTG
"Triumph Motorcycles America, Ltd.",
Vermeer Manufacturing Company,
"Big Tex Trailer Manufacturing, Inc.",
Belmont Trailers LLC,
Textron Specialized Vehicles,TXT
Indian Motorcycle Company,
"Columbus Trading-Partners USA, Inc.",
"Terex Advance Mixer, Inc.",
"PEUGEOT, INC.",STLA
Kentucky Manufacturing Co.,
Terberg Benschop B.V.,
Nikola Corporation,NKLA
"ZEEKR TECHNOLOGY US, LLC",ZK
"KTM North America, Inc.",KTMPF
"Hino Motors Sales U.S.A., Inc.",HINOY
"Firefly Integrations, LLC",
Vantage Mobility,
"Samsung SDI Co., Ltd.",SSDIY
"New Flyer of America, Inc.",NFI
ASPEN COACH CORPORATION,
"NIMROD, INCORPORATED",
Roadtrek Inc.,
"REVCON, INCORPORATED",
Timken Company,TKR
"Featherlite Trailer Manufacturing, LLC",
"Pirelli Tire, LLC",PIRC
Ducati North America,VWAGY
COMPTON TRUCK & EQUIP. CO,
Marion Body Works Inc.,
"Palfinger, Inc.",PALF
GKN Automotive,DWL
N&B Mobility Solutions LLC,
Horizon Global,HZN
"NEWBERG TRAILERS, INC.",
"THOMAS BUILT BUSES, INC.",
"DiamondBack Automotive Accessories, Inc.",
"VinFast Auto, LLC",VFS
Dicor Corporation,
FIVE FILER BROTHERS,
"COSCO, INC.",COSW
"Advanced Technology Products, Inc",
PRIDE TRIMBLE CORPORATION,TRMB
"Prinx Chengshan Tire North America, Inc.",
"Meritor, Inc.",MOTR
"McNeilus Truck & Manufacturing, Inc.",OSK
Prestone Products LLC,CLX
Pierce Manufacturing,OSK
"Kuntry Kustom RV, LLC",
"Nuna Baby Essentials, Inc.",
Pagani S.p.A,
"Oliver Travel Trailers, INC.",
Lippert,LCII
Agility Fuel Solutions,HXGCF
"Britax Child Safety, Inc.",
"Trail King Industries, Inc.",
Limitless Van,
Fisker Group Inc,FSR
VANCRAFT LLC,
Diamond C Trailer MFG,
AUTO MATE REC. PRODUCTS,
PJ Trailers,
"Sumitomo Rubber USA, LLC",SMTUF
"EARTHROAMER, LLC",
"Continental Automotive Systems, Inc.",CTTAY
A2ZEV,
Trailmobile Canada Limited,WNC
Outdoors RV Manufacturing,
"EXCEL TRAILER CO., INC.",
"Piaggio Group Americas, Inc.",PIA.MI
Reading Truck Equipment LLC,
Inspire RVs LLC,
"Spartan Fire, LLC",
Silver Eagle Manufacturing Company,REVG
JOSEPH,
Rimac D.O.O.,
"LIVEWIRE EV, LLC",HOG
"Multiquip, Inc.",
"PREVOST CAR, INC. Inactive",
Orscheln Products L.L.C.,
E-One Incorporated,EONE
HINO DIESEL TRUCKS(USA),HYMTF
"Quality Van Sales, Inc.",
"Terex South Dakota, Inc.",TEX
"EVject, Inc.",
Royal Enfield North America Limited,ENR
Tenneco Automotive,TEN
IOSiX,
Trans Tech Bus,REVG
"Ember Recreational Vehicles, INC",
"Elgin Sweeper Company, Inc.",FSS
Navico Group,BC
Phoenix Motorcars,PEVM
"Felling Trailers, Inc.",
Alltrade Tools LLC,
Kentucky Trailer Manufacturing,
USK Internacional,USK
"COLEMAN CO., INC.",NWL
"GE Appliances, a Haier Company",HAHSY
Endera Motors,
ESCAPE TRAILER INDUSTRIES LTD.,
"OEM Systems, LLC",
Alamo Group Inc.,ALG
"Kalmar Solutions, LLC",CGCYF
Northern Lite Mfg,
Space Craft MFG,
"CFMOTO Powersports, Inc.",
COUNTRY COACH INC,
Cruiser RV,THO
SPL Parts Inc,
"Kido Sports Co., Ltd",
SANTA FE VANS,
JACK A. HELMS CO.,
Cruise LLC,GM
"Doosan Bobcat North America, Inc.",
TAXA LLC,
Newell Coach Corp.,NWL
Mevotech US Inc.,
A&J Vans Inc,
Capacity of Texas,
T.A. Pelsue,
"Gulf States Toyota, Inc.",TM
"Webasto Thermo & Comfort NA, INC",
ALLSTATE TRAILER SALES,
Safe Fleet,REVG
"Dongguan Biaoming technology Co., Ltd.",
"Carparts.com, Inc.",PRTS
Reyco Granning,
HOLIDAY RAMBLER CORP.,REVG
FWD CORPORATION,
"ARBOC Specialty Vehicles, LLC",NFI
Delco Trailers LLC,
"WILLIAMS CRAFT, INC.",
Power Stop LLC,
SEA Electric LLC,
AROW Global Corp,
"REV Ambulance Group Orlando, Inc.",REVG
"Bigfoot Industries, Inc.",
Lion Electric Company,LEV
Hendrickson USA. L.L.C.,
"Southeast Toyota Distributors, LLC",TM
"Entrans International, LLC",
PHILADELPHIA SUBURBAN CO.,
Evelands Inc,WTRG
Dana Incorporated,DAN
North Central Emergency Vehicles,
Mando America Corporation,
"McClain Trailers, Inc.",
Wabash National Corporation,WNC
Apollo Tires (US) Inc.,
"Timpte, Inc.",
KUAT INNOVATIONS LLC,
"Rolls-Royce Motor Cars, Ltd.",BMWYY
"RENAULT, INCORPORATED",RNO
HOST INDUSTRIES,
Hankook Tire America Corp.,
Vicinity Motor Corporation,VEV
Thermo King Corp.,TT
Driverge Vehicle Innovations,
American Furukawa Inc.,
Karma Automotive LLC,
BYD Coach & Bus,BYDDF
Kovatch Mobile Equipment Corp.,REVG
"Nexxpro - Fabrica de Capacetes, S.A.",
"ST Engineering Hackney, Inc",
Diamond Coach Corporation,REVG
Prime-Time Specialty Vehicles,REVG
Turtle Top,REVG
FR Conversions,REVG
ABC BUS Inc,REVG
AROS MANUFACTURING CO.,
Coach and Equipment Mfg. Corp.,
Hiniker Company,
"AFCO Performance Group, LLC.",
"Autoliv, Inc.",ALV
HADCO-SHERWOOD TRAILERS,
Reading Truck Body LLC,REVG
Bucher Municipal North America,
Dropcases Limited,
"Rocky Mountain ATV/MC, Inc.",
"Spencer Manufacturing, Inc.",
Hi-Tech E.V.S.,
"GEORGIE BOY MFG., LLC",REVG
"Watson & Chalin Manufacturing, Inc.",
Eberspaecher Climate Cntrl Syst Intl,
MOBIL SCOUT MFR. CORP.,
Suburban Manufacturing CO,REVG
Wheel Group Holdings LLC,
Titan Bus,REVG
Freedman Seating Company,REVG
ARMSTRONG RUBBER CO.,
"SECURITY INDUSTRIES, INC.",
"MOBIL TRAVELER, INC.",
WALLSTRONG MFG. CO.,
Faraday Future Eco Sales Co. LLC,FFAI
"Trail-Rite, Inc.",
Pleasant Valley Teardrop Trailers LLC,
"Halcore Group, Inc.",REVG
Harbor Freight Tools,
Aisin World Corp. of America,ASEKY
"R.H. Sheppard Co., Inc.",
"CABANA COACH CORPORATION,",
Bugatti,
"BENDIX HOME SYSTEMS, INC.",
"Eldorado National- California, Inc.",
JTEKT,JTEKY
"Worldwide Distribution, LLLP",WWDH
"Gulf Stream Coach, Inc.",
TRANSPORTATION MFG. CORP.,KNX
Weldon Division of Akron Brass,IEX
Renogy,
Braun Northwest,REVG
"MEKRA Lang North America, LLC",
MAXI-METAL INC.,OSK
"Lode-King Industries, Ltd.",
Morgan Motor Company Limited,
Villa International,
SVI Trucks,
PL Custom Emergency Vehicles,
Alexis Fire Equipment Company,
"Mickey Truck Bodies, Inc.",
"FLEETWOOD ENTERPRISES, INC.",FLTW
Spektrum Brakes LLC,
Cake 0 Emission USA Inc,
IC CORPORATION,NAV
Carefree Of Colorado,BRK.A
AMER. SAFETY EQUIP. CORP.,
Haldex Commercial Vehicle Systems,HLDXF
Van Hool N.V.,
Hubbell Incorporated (Delaware),HUBB
"Ferrara Fire Apparatus, Inc.",REVG
PILOTCAR EV INC.,
DECKED,
"Dorman Products, Inc.",DORM
Ricon Corporation,WAB
FMC CORPORATION,FMC
"Xos, Inc.",XOS
"BCS Automotive Interface Solutions US, L",
Lonestar Specialty Vehicles,
Pratt Intermodal Chassis,
WHITE MOTOR CORPORATION,
"Kibbi, LLC",
Sentury Tire Thailand,
"Custom Fire Apparatus, Inc.",
Hollywood Racks,
"Toyo Tire Holdings of Americas, Inc.",TOTTF
"Chinook Motor Coach, LLC",
Toyota Motor Corporation,TM
Trans-Air Manufacturing Corp.,LCII
"Midwest Automotive Designs, LLC",REVG
"Proterra Operating Company, Inc.",PTRAQ
AM GENERAL LLC,
CROWN COACH CORPORATION,
Arcimoto Inc,FUVV
"Allison Transmission, Inc.",ALSN
AMETEK ICVS,AME
"Platinum Driveline, Inc.",
"Transfer Flow Inc - Chico, CA",
Lightning eMotors Inc.,ZEV
Precision Circuits Inc.,
MANCHESTER TANK & EQUIPMENT CO,
Dexter Axle Company,
Hyundam Industrial,
Midwest Fire Equipment & Repair Company,
"Covercraft Industries, LLC",
"Interstate Group, LLC",
Fruehauf Inc.,
Streamline Industries Incorporated,
Yokohama Tire Corporation,YORUY
"Bentley Motors, Inc.",VWAGY
"Parker Trailer Sales, Inc.",
Outfitter Manufacturing,
DUNLOP TIRE CORPORATION,GT
Explorer Van Company,
Nelson Trailers,
BELL MFG. CORPORATION,HUBB
Lakota Corporation (Lakota Trailers),
FRUEHAUF CORPORATION,
"Provan Industries, LLC",
"SmartPlug Systems, LLC",
Farber Specialty Vehicles,REVG
Midway Specialty Vehicles,REVG
"Temp-Air, a division of Sunbelt Rentals",AHT
Summit Bodyworks,
Sewn Products DBA TigerTough,
RevHD,
"SPORTSMOBILE TEXAS, INC",
Quality Vans & Specialty Vehicles,
Adaptive Mobility Systems Inc,
"Pleasure Way Industries, Ltd.",
Industrial Video & Control Co,
Seats Incorporated,
"Yamaha Motor Corporation, USA",YAMHF
Boreas Campers,
"Advance Stores Company, Incorporated",AAP
Ironman 4x4 USA II LLC,
Polaris Industries Inc.,PII
"Stoughton Trailers, LLC",
Mobility Ventures LLC,
Maxzone Auto Parts Corporation,
SAF-Holland,SFQ
"Eagle Eyes Traffic Ind. Co., Ltd",
Lordstown EV Corp,NRDE
"East Penn Manufacturing Company, Inc.",
Land Rover,TTM
Imagine Fiberglass Products Inc.,
INTERNATIONAL TRUCK & ENGINE CORPORATION,TRATON
"Iowa Mold Tooling Co., Inc.",OSK
Knapheide Manufacturing Company,
Fontaine Trailer Company,
"Veoneer Brake Systems, LLC",VNE
Dennis Eagle Inc.,
"Fox Factory, Inc.",FOXF
"Outback customs,LLC",
"Baby Trend, Inc.",
Crysteel Manufacturing Inc,
Shred-Tech Corporation,
Les Technologies Ecotuned inc.,
3M Transportation Safety Division,MMM
"Field Van, Inc",
Buell Motorcycles Co.,
Four Degree Trailer Company,
"Shadow Trailer, LLC",
"Regency Conversions, Inc.",
9299-5000 Quebec Inc.,
"Capri Campers, LLC",
"Gilbarco, Inc.",VNT
OPEN ROAD IND.,
Off Grid Trailers,
Par Nado inc,
SAGEM INC.,SAFRY
Electra Meccanica Vehicles Corp,SOLO
UD Trucks Corporation,
REDMAN WESTERN CORP.,
"Maintainer Corporation of Iowa, Inc.",
TOKAI RIKA Co LTD,
"Nexus RVs, LLC",
ABS Remorques,
"Gratimax, LLC",
"Comoto Holdings, Inc.",CRTO
"Adventurer Manufacturing, LLC",
JD E-Commerce America Limited,JD
"WARN Industries, Inc.",
Ridewell Corporation,
Williamsen-Godwin Truck Body Company LLC,
Easymile Inc.,
"LDV, Inc.",
"Old School Trailers, LLC",
Entegra Coach,THO
MW Company LLC,
"Holiday House, LLC",
"Genuine Scooters, LLC",
"Seagrave Fire Apparatus, LLC",REVG
ScentLok Technologies,
"Brenner Tank, LLC",
Bulk Tank International S. de R.L. de C.,
International Thermal Research,TMGEF
"Quality Trailers Ohio, Inc.",
"Yokohama Off-Highway Tires America, Inc",YORUY
Sunset Park & RV Inc.,
"Thule, Inc.",
Innovative Specialties LLC,
"Precision Industries, Inc.",
HD Trailer MFG. LLC,
Intermotive,
Fontaine Modification,BRK.B
Riverside RV,
"RATCLIFF IND., INC.",
"Contract Manufacturer, LLC",
East Texas Trailer,
"Power Solutions International, Inc.",PSIX
"Osage Industries, Inc.",
TRAVEL EQUIPMENT CORP.,
Skinny Guy Campers LLC,
"Blackbeards Motorcycle Gear, Inc.",
Collins Bus Corporation,REVG
"Liquid Transport, Inc",
"Excellance, Inc",
CORDER MANUFACTURING COMP,
AM HOIST & DERRICK CO.,
Wallace Forge Company,
"HEIL TRAILER INTERNATIONAL, CO",
Wayfarer,
"Spyder Controls, Corp",
BatteryJack Inc.,
"S&B Filters, Inc.",
Dynamite Manufacturing DBA Man Cave RV,
"Zhaoqing Junhong Co., Ltd.",
FIRESTONE TIRE & RUBBER CO.,BRDCY
Cheng Shin Rubber/Maxxis International,
Global Environmental Products,GEECF
Bwise Manufacturing,
"TIMBERLINE TRAILERS, INC.",
"FTEC, Inc.",
"Charles Machine Works, Inc.",TTC
Xtreme Outdoors,
"VLRV, LLC (Vanleigh RV)",THO
"Shandong New Continent Tire Co., Ltd.",
"Monroe Towmaster,LLC",
"TRAVEL INDUSTRIES, INC.",
Cheetah Chassis Corporation,
"Besser Pro, LLC",
"Engineered Controls International, LLC",
"Fabform Industries, INC.",
MANSFIELD TIRE & RUBBER C,
"Irbit Motorworks of America, Inc.",
"Kaufman Trailers Group, LLC.",
"Roush CleanTech, LLC",
Keystone Coachworks Inc,THO
"C.E. Smith Company, Inc.",
"Clek, Inc.",
"Dalton Enterprises, Inc.",
TM Industries,
"Ox Bodies, Inc.",
Milwaukee Performance Helmets,
"Cross Country Mfg., Inc.",
"RECTRANS, INCORPORATED",
Red Rock LLC,
"Bravo Trailers, LLC",
DAIRY EQUIP. COMPANY,
Joe's Trailer Mfg.,
Reiser Manufacturing,
"Coach House, Inc.",
HONDA OF MINOLA,HMC
Plastic Omnium,PASTF
Beta USA,
Damon Corporation,DMNIF
"Performance Machine, Inc.",
"Enerco Group, Inc.",
Tiny Idahomes LLC,
"FRONTRUNNER BUS GROUP, INC.",
NTN Bearing Corporation of America,
"NRC Modifications, Inc.",
Lance Camper Manufacturing. Corp.,REVG
Miller Electric Mfg. Co.,ITW
Watson Hopper,
"AMERICAN TRAILERS, INC.",
LeMans Corporation,
ZH Brothers International Inc.,
Dometic Corporation,
Midwest Motorsports LLC,
Custom Wheel House LLC,
Norco Industries Inc.,
iSi Automotive Austria GmbH,
Ubco Bikes US LLC,
Pony.ai,PONY
AEBI-Schmidt,
"Legend Manufacturing, Inc.",
Tenco Inc.,
"HME, Inc.",
Brok Products,
Fuel Helmets,
PETERBILT MOTOR COMPANY,PCAR
Inland Empire Trailers,
"Trails West Manufacturing of Idaho, Inc.",
"Pacific Trailer Products, Inc",
"Vee Tyre and Rubber Co., Ltd.",
Volta Power Systems LLC,
"Play-Mor Trailers, Inc.",
"LGS Industries, Inc.",
"Genie Industries, Inc.",TEX
TOURIG,
"Arrow Manufacturing, Inc.",
"Robert Bosch, LLC",
Sutphen Corporation,
"Stainless Tank and Equipment Co., LLC",
"Carson Trailer, Inc.",
GEN MTRS CORP-OVERSEAS,GM
KAYOT,
M H EBY,
"Cottrell, Inc.",BW
Axalta Coating Systems,AXTA
American Chrome Company,
"Palfinger USA, LLC",
WABCO USA LLC,
"DETOMASO OF AMERICA, INC.",
"Schwarze Industries, Inc.",ALG
"Smeal Holding, LLC",REVG
Tilting Motor Works,FUV
"SEAGRAVE FIRE APP., INC.",
Aluma KLM,
Peach Cargo LLC,
Workhorse Group Inc.,WKHS
UFP Distribution LLC,UFPI
"PROGRESS IND., INC.",
"LDJ Manufacturing, Inc.",
Guangzhou Hengshang Network Technology,
Utility Trailer Manufacturing Company,
"Takata (TK Global, LLC)",
Gracie Ind. LLC d/b/Bolt Custom Trucks,
Boise Mobile Equipment,
Rigid Hitch Inc.,
"Summit Trailer Sales, Inc.",
Deking Corporation Co. Ltd.,
"Reitnouer, Inc.",
"Swab Wagon Company, Inc.",
Luxe Trucks dba Utility Bodywerks,
S&S Truck Parts,
"Spector Manufacturing, Inc.",
Black Tie Products,
"Eclipse Recreational Vehicles, Inc.",
ITT GENERAL CONTROLS,
"ShowHauler Trucks, Inc.",
MITSUBISHI MANUFACTURING AMER,MSBHF
Toyne Inc.,
Magna International Inc.,MGA
"WORLD TRANS, INC.",
Shenzhen Dianliangzhihui Tech Co.,002213.SZ
"Guangzhou Yorkim Trading Co., Ltd",
"Northwood Manufacturing, Inc.",
"Mac Trailer Mfg., Inc.",
"Aprilia USA, Inc.",PIAGF
Shenzhenshi Axi Technology Co. LTD,300713.SZ
One More Auto Parts Inc.,
Alexander Dennis Inc.,NFI
R.C. WILLETT COMPANY INC.,
Trailstar International Inc,
Shenzen YouCheng Dianzishangwu Youxiangg,
CLARK EQUIP. COMPANY,
Rossmonster Vans LLC,
"Four Guys Stainless Tank & Equip., Inc.",
"Karavan Trailers, Inc.",
"ON-TIME DEVELOPMENT, INC.",
Genesis Supreme RV,
Stonebrooke Equipment INC.,
Life Line Emergency Vehicles,REVG
"Equipment Technology, L.L.C.",
"B&W Custom Truck Beds, Inc., B&W Hitches",
"Full Vision, Inc.",
"Manac, Inc.",
Pioneer Coach Interiors Inc.,
TSE Brakes,
"Tropos Technologies, Inc.",
Omaha Standard,
Stargate Manufacturing Ltd,
"Guangzhou Lengzhilu Trading Co., Ltd.",
Nado Stuff,
"Guangzhou Cougar Trading Co., Ltd.",
Diono,DINO
Curt Manufacturing LLC,LCII
Safety Belt Solutions Ltd,
"Combi USA, Inc.",
WP Dynamics,
Skyline Corporation,SKY
CALIFORNIA CAMPER MFR.,
Black Series Campers Inc.,
GENERAL TIRE & RUBBER CO.,
WAYNE WHEELED VEHICLES,
"FISHER-PRICE, INC.",MAT
"Lufkin Industries, Inc.",LUFK
Putco Inc,
Howmet Aerospace,HWM
Brembo S.p.A.,BRBOF
"Guangzhou Zhilan E-Commerce Co., Ltd",
"Ningbo shuwu Import & Export Co.,ltd",
"Strategic Sports, Ltd.",
Automann Inc.,
Autosales Inc.,$CRMT
ROPER CORPORATION,ROP
"Icon Vehicle Dynamics, LLC",
"IDEAL CONNECTION, INC.",
Utilimaster Corporation,SHYF
"Vac-Tron Equipment, LLC",
JDM ASTAR LLC,
"Denso International America, Inc.",DNZOY
Aries Industries Inc.,
First Light Safety Products,
"APOLLO MOTOR HOMES, INC.",THL
"Foreign Tire Sales, Inc.",
Transcraft Corporation,WNC
WHEEL,
Leather on Wheels Inc,
EXCALIBUR AUTO CORP.,
"Diode Dynamics, LLC",
The Toro Company,TTC
ARVINMERITOR AUTOMOTIVE,MTOR
TriMark Corporation,
DICK'S Sporting Goods,DKS
GRUMMAN FLXIBLE CORP.,
Fruehauf de Mexico SA de CV,
"Quadratec, Inc.",
Ultimate Leather Apparel Inc,
Shaanxi Yanchang Petroleum Group Rubber,600248
"Motorcar Parts of America, Inc.",MPAA
Tong Yang Industry Co.,1319
"Cruise Car, Inc.",
"Kiel N.A., L.L.C",
"Linglong Americas, Inc.",601966
American Hauler,
Walmart,WMT
High Altitude Trailer Co LLC,
"TRW Automotive, Inc.",TRW
"COBRA INDUSTRIES, INC.",
"Tap Worldwide, LLC",
"ENTREPRISES USA, INC.",
Brake Parts Inc.,
ECCO Holdings Corp.,
Kymco USA,
"American Pacific Industries, Inc.",
Maxon Lift Corp.,
"Brown Industries, LLC",
Frazer,
Akron Brass Company,
LiquidSpring LLC,
"National Van Builders, Inc.",
MIDLAND ROSS CORP.,ROST
Winkelmann Flowform Technology LP,
Marmon-Herrington,
AIR-O-MATIC PWR STRNG CO.,
Tremcar,
"PLAN 9, INC.",
Eldorado National-Kansas,EGO
"Compania Hulera Tornel, S.A. de C.V.",JKTYRE
SOMERSET MARINE,
Concession Nation,
Kiekert USA,
Tex Trail Trailer Parts,
CHTC Bus Group,
Interamerican Auto Parts,AZO
SMC Trailers,
"GRUMMAN ALLIED IND., INC.",NOC
CEAT,INR
Akoury,
SHELLER-GLOBE CORPORATION,
"Conel, LLC dba McElrath Trailers",
Vactor Manufacturing,FSS
"COACHMEN INDUSTRIES, INC.",COA
FLXIBLE CORPORATION,
AUTOFLUG S.A.,
Zamzow Mfg Co Inc,
IMT Standen's Limited Partnership,
"Transportation Collaborative, Inc.",
KELSEY-HAYES COMPANY,TRW
Ioxus Corporation,
Matrix Headgear Ltd,
Cooper Tire & Rubber Company Europe Ltd.,GT
"Merritt Manufacturing, Inc.",
Southern Pride Distributing LLC,
H&H Sports Protection,
"Voyager Industries, Inc",
"Dorel China America, Inc.",DII.A
Taylor-Dunn Manufacturing Company,PII
"ASA Electronics, LLC.",
Ziamatic Corp,
"SynTec Seating Solutions, LLC",
"Lucon, Inc.",
"SAMS TIRE SERVICE, INC.",
"4-Star Trailers, Inc.",
Diesel Modification Center LLC.,
"Transportation Power, Inc.",
STARCRAFT COMPANY,
redundant ForB dba WAYB,
Stanley Industries & Automotive LLC,SWK
PETERSEN INDUSTRIES,
Hale Products Inc,IEX
"Capco USA, Inc.",
NEOPLAN USA CORPORATION,
"Vitro Automotriz, S.A. de C.V.",VITROA
"MMDi, Inc.",
"Champion Bus, Inc.",REVG
Indiana Mills and Manufacturing Inc.,
Darsan Trading Co.,
VETTER FAIRING CO.,
"Ameritrans Bus, Inc.",
"DLT, LLC",
Jerr-Dan Corporation,OSK
UNIVERSAL MOPED IMPORTS,
SVO Group Inc,
"Caterpillar, Inc.",CAT
"Erwin Hymer Group North America, Inc.",THO
DAYTON STEEL FOUNDRY CO.,
WAGNER,WGN
"Unicell Body Company, Inc.",
LA West Inc.,
"Godwin Manufacturing Company, Inc.",
Ivolution Sports Inc.,
Morgan Olson Corporation,
SkyMark Refuelers,
BENDIX CORPORATION,HON
LGE Coachworks Inc.,
"ITI Trailers And Truck Bodies, Inc.",
VCI Emergency Vehicle Specialists,
Linora Corporation,
CHAMPION MOTORCYCLE ACCESSORIES,
"Unruh Fire, Inc.",
IMT CORPORATION,
"Stainless & Repair, Inc.",
Hercules Enterprises,
"Aero Industries, Inc.",
Taylor Made Ambulances,
Southeast Apparatus,
"Fenton Mobility Products, Inc.",
EHG USA LP dba American Fastbacks,
Mobility Transportation Services,
Livin' Lite Recreational Vehicles,
Cush Corp,
"Load Trail, LLC",
Weis Fire & Safety,
"Mobility Specialists, Inc.",
Lotus Cars Limited,LOT
Labrie Enviroquip Group,
Cabot Coach Builders Inc-DBA Royale Limo,
Fire Equipment Sales & Service,
"Waldoch Crafts, Inc",
"Blanchat Mfg., Inc.",
"Osco Tank & Truck Sales, Inc.",
Curbtender,
Trans Texas Tire,
Custom Fab & Body LLC,
"SNF, Inc. dba BFX Fire Apparatus",
North American Repower LLC,
"Watts Manufacturing, LLC",
Fouts Bros,
"Mertz Manufacturing, Inc.",
"Natural Gas Fuel Systems, LLC dba CCFT",
AUTOMATIC EQUIP. MFG. CO.,
W. S. Darley & Co.,
A-1 Auto Electric,
"ROBINHOOD MTR HOMES, INC.",
"Foundation Ambulance, Inc.",
"Somerset Welding & Steel, Inc.",
XL Hybrids INC,SPRU
Drake Automotive Group LLC,
Hickory Springs Manufacturing Company,
Double K Inc.,
WSB Inc,
"FIAT MOTORS OF N.A., INC.",STLA
"PORT TRAILERS, INC.",
"ADVANCE MIXER, INC.",
"Lifeworks Technology Group, LLC",
Luxfer Canada Ltd.,
"Irvine Shade & Door, Inc.",
BUS & TRUCK SUPPLY CO.,
Fujian Wanda Automobile Glass Industry C,
Silverstone Associates LLC,
"Kidde Technologies, Inc.",
Eaton Corporation,ETN
"ACCESSORY DIST., INC.",
STERLING-SALEM CORP.,
Streetcar ORV LLC,
"Riverside Travel Trailer, Inc.",
"PT. Multistrada Arah Sarana, Tbk",MASA
"RADEMACHER IND., INC.",
Alpha Technology Corp,
"Truck-Lite Company, LLC",
BUELL-out of business,
"Integrated Tower Systems, Inc.",
"Fulmer Helmets, Inc.",
"INDIANA MILLS, INC.",
PANTHER WESTWINDS LTD.,
VESELY COMPANY,
Redundant Heil Environmental entry,
"COSMOPOLITAN MOTORS, INC.",
"Sunright International Of America, Inc.",
AXN Heavy Duty LLC,
"Webasto Charging Systems, Inc",
"Autocar Industries, LLC",
PUROLATOR,
Garden State Bus Group,
ROSS GEAR DIV.,
Alta Motors,
"TowBlazer, Inc.",
"TRAVEL SUPREME, INC.",
"PTL Engineering, Inc",
Whelen Engineering Co Inc,
Rock Run Industies,
"Van-Con, Inc.",
"Jost International, Inc.",
Industrias Martinrea de Mexico SA de CV,
Badass Helmet Company,
"MV Agusta Motorcycles North America, Inc",
K.S. PRODUCTS CORP.,
"Turn5, Inc.",
MONACO COACH CORPORATION,
Federal-Mogul Motorparts LLC,
Syncro Corporation,
Achieva Rubber Corp.,
"EASY TRAIL, INC.",
"CONTEMPO CAMPERS, INC.",
Simard Suspensions inc,
Dexter Ventline and Door,
CIMATTI LIMITED,
AUTO. FERRUCCIO LAMBORG.,
"Yakima Products, Inc.",
"Roush Performance Products, Inc.",
"Columbia Northwest, Inc.",
Rebel West Powersports LLC,
LuK GmbH & Co. KG,
American Custom Golf Cars,
"Trail Boss Conversions, Inc.",
"Strehl, LLC",
"Fuel Injection Technology, Inc.",
"AMERICAN JAWA, LIMITED",
"RECREATION & SPORTS, INC",
HOLLAND HITCH COMPANY,SAF-HOLLAND
"Kumho Tire U.S.A., Inc.",
Harmony Juvenile Products,
UNIROYAL GOODRICH TIRE CO,GT
"Keystone Automotive Operations, Inc.",LKQ
"Doepker Industries, Ltd.",
"CARPENTER BDY WRKS, INC.",
Futura Trailers Ltd,
Timoney Technology,
"Maxey Trailers Mfg., Inc.",
Les Schwab,
"American Technology Components, Inc.",
Norcold Inc.,
"WESTERN WORLD, INC.",
"Morgan Truck Bodies, LLC",
"RockyMounts, Inc.",CLAR
MIDLAND INTERNAT. CORP.,
Whammerdyne Inc.,
"JENSEN MOTORS, INC.",
Vogue Tyre & Rubber Co.,
"C&C TRAILERS, INC.",
"Liberty Outdoors, LLC",
YAMAHA INTERNATIONAL CORP,7262.T
"VAN AMERICAN COBRA, INC.",
Walker Stainless Equipment Company LLC,
Eaton Cummins Automated Transmission Tec,CMI
A.L. Solutions US,
Bluecar SAS,
"RC2 BRANDS, INC.",
AP Racing,
CENTURY PRODUCTS,
"JH Global Services, Inc.",
Travel Lite RV,
Burch Tank and Truck,
"ELECTROFILM, INC.",
"Bison Coach, LLC",
MONTGOMERY WARD & CO.,
Crestline Coach Ltd.,
S.T.D. ENTERPRISES,
Walter Kidde Portable Equipment Inc.,
Aperia Technologies,
"Accessible Technologies, Inc.",
"Eldorado Mobility, Inc.",
Nitrous Supply,
LCB Manufacturing,
TRANSI-CORP.,
West-Mark,
John Evans Manufacturing Co.,
"International Specialty Services, Inc",
PENTON IMPORTS,
"Max-Trac Tire Co., Inc.",
Bearing Technologies Ltd,
YSN Imports Inc.,
"C & M Trailers, Inc.",
"HOLLAND USA, INC.",
Kimble Mixer,
"Trek Tire, LLC",
WIX CORPORATION,WIX
J-Tech Corporation,
"LONG MFG. N. C., INCORPOR",
"ATLAS COPCO N.A., INC",ATLKY
"Metro Worldwide, LLC",
"Triton Trailers, LLC",
Sharper Image,
Command Electronics Inc,
Triangle Tire USA,
"WESTERN STAR TRUCKS, INC.",WSH1
"Ride The Ducks International, LLC",
TIARA MOTOR COACH DIVISION,
"K&N Engineering, Inc.",
"ESSEX INTERNATIONAL, INC.",
VMAC Global Technology Inc,
"CSI Emergency Apparatus, LLC",
Carli Suspension,
Carry-On Trailer Corp.,
"Adient, PLC",ADNT
MORGAN OLSON,
"Giti Tire (USA), Ltd.",GIT
Wilwood Engineering,
American Kenda Rubber Industrial Company,
Daytona Helmets International,
"Graco Children's Products, Inc.",
Sprague Devices,
Norgren Inc.,IMI
"Jim Reed's Truck Sales, Inc.",
National Fleet Services of Ohio,
"FiveCubits, Inc.",
Duruxx LLC,
PROLine Products LLC,
Truck Equipment Service Company,
"Tegol, Inc.",
"Vision Wheel, Inc.",
KELLY SPRINGFIELD TIRE CO,GT
SOUTHEASTERN FABRICATORS,
UCI International LLC,
Advance Engineered Products Ltd.,
IH Parts America Inc,
The New Haven Companies,
Pratt Industries (US) LLC,
MEYER,
"Thorley Industries, LLC -DBA 4Moms",
Timberland INC DBA Glacier,
Southwest Products,
"MICO, Inc.",
KYB,7242T
"CSC Motorcycles, LLC",
"ARROW TRAILERS, INC.",
GRUMMAN CORP.,
"TI Group Automotive Systems, LLC",
PTIC,
"Omix Ada, Inc",
"Jaguar Cars, Ltd.",TTM
Vega Helmet Corporation,
Con-Tech Manufacturing,
Atwood Mobile Products,
U.S. BUS CORPORATION,
WARNER & SWASEY CO.,
Johnston North America,
CHECKER MOTORS CORP.,
"Morbark, Inc.",
Christianson Industries Inc,
"Universal Trailer Cargo Group, Inc.",
Thieman Tailgates,
TruckCraft Corporation,
"Stellar Industries, Inc",
AMERICAN STEEL FOUNDRIES,ASFN
"EVS, Ltd",
Groupe Cambli inc,
"Tireco, Inc.",
FIRESTONE STEEL PROD. CO.,
"Idle Free Systems, Inc.",
"Jumping Jack, Inc.",
"Chicago Scooter Company, LLC",
Tadano America Corporation,6366.T
e-ride Industries,
SINFAC/VELOSOLEX,
OTIS ELEVATOR COMPANY,
"CRAGAR INDUSTRIES, INC.",
"Shower Enclosures America, Inc.",
Mahindra Tractor Assembly Inc,MAHMF
"MANAC Trailers USA, Inc.",
KUSS FILTRATION,
Tong Ho Hsing Industrial Co.,
Lodi Truck and Equipment,
AFCO ELECTRONICS,
"Moritz International, Inc.",
Heartland Trailer Mfg,
"Strick Trailers, LLC",
John Evans Mfg.,
Waterous Company,
Speedtech LLC,
Wilson Manifolds Inc,
1888653 Ontario Inc,
DS Corp - DBA Crossroads RV,
Doubletree RV,
M.B. Sturgis Inc.,
LANDAU MOTOR HOME,
WORKHORSE CUSTOM CHASSIS,
xperion E&E USA LLC,
Dejana Truck & Utility Equipment Co,
Tucker Rocky Distribution,
"HPA MONON TRAILER, INC.",
Mobility Works (WMK Inc.),
Quality Trailers,
Great Lakes Manufacturing Inc.,
Pacific Coachworks,
Elpers Truck Equipment,
"Auto Truck, Inc.",
Adkins Truck Equipment Co,
QT Equipment,
Kiddy USA,
Monroe Truck Equipment,
Custom Truck and Equipment,
Legacy Equipment Company,
"Pitts Enterprises, Inc.",
LUCAS INDUSTRIES,
redundant Winnebago Industries Inc.,WGO
Steve Johnson Induction Solutions,
Nitrous Outlet,
Hillsboro Industries,
Soaring Helmet Corporation,
"Advics North America, Inc.",
Kompact Kamp,
"Kraco Enterprises, LLC",
VAPOR CORPORATION,
"Weiler, Inc",
Battery-Biz Inc.,
Stallion Bus And Transit Corp.,
ITASCA MOTORHOME,
Hardkore Karts LLC,
Bergstrom Inc.,
American Grease Stick Company,
Walser Asia Pacific Ltd.,
Open Range R.V. Company,
Vapor Bus International,
"VAN-CON, INCORPORATED",
Campagna Motors,
"Daystar Products International, Inc.",
Haier America,
"Helmet City, Inc.",
Snake River Trailer Company,
Bridgestone DoNotUse,5108.T
"C & B Quality Trailer Works, Inc.",
"Evergreen Recreational Vehicles, LLC",
Vintage Trailers Ltd.,
GMAX Helmet LLC.,
HOLLYWOOD ACCESSORIES,
Daimler Buses North America,DT
"Pilkington North America, Inc.",5202.T
Western Trailer Company,
"Jet Company, Inc.",
"Wells Vehicle Electronics, L.P.",
"Compass Conversions, LLC",
H&H Trailers by Novae Corp.,
"Carriage, Inc.",
Vanguard National Parts OEX,
"Charmac Trailers, Inc.",
Terex Environmental Equipment,TEX
VIRCO MANUFACTURING CORP.,
"AUSTIN ROVER CARS NA, INC",
"Kingmor Supply, Inc.",
GENEVA WHEEL & STPG CORP.,
Goshen Coach,
COACH & EQUIP SALES CORP.,
"Dodgen Industries, Inc.",
HAWKINS MOTOR COACH,
"SEBRING-VANGUARD, INC.",
LOCKHEED MSL & SPACE CO.,LMT
The RV Factory LLC,
"The Chamberlain Group, Inc.",
"Merhow Acquisition, LLC",
"Stealth Enterprises, LLC",
Henderson Wheel & Trailer Supply Inc.,
WELCH FIRE EQUIP. CORP.,
"Old World Industries, LLC",
"Cequent Consumer Products, Inc.",
"Peter Paul Electronics Co., Inc.",
Specialty Products Company,
"Alpine Electronics of America, Inc.",6770.T
"Holley Performance Products, Inc",
J.H. HOLLAND COMPANY,
Fontaine Fifth Wheel Company,
Emerson Process Mgmt Regulator Tech. Inc,EMR
"Liftmoore, Inc.",
CHAMPION HOME BLDR. CO.,
Spartan ERV,
"EXECUTIVE IND., INC.",
Discount Tire,
Flex-a-lite,
Emcara Gas Development Inc.,
Asphalt Hercules Tire & Rubber Co LLC,
Starcraft Bus,
NORTON/TRIUMPH CORP.,
"Osram Sylvania, Inc.",AMS
Dannmar Equipment,
New Horizons RV Corporation,
"Alcoa, Inc",AA
"Rush Truck Centers of Texas, LP",
"Baby Jogger, LLC",
BRICKLIN VEHICLE CORP.,
"Strange Engineering, Inc.",
"EATON, INCORPORATED",ETN
"Accubuilt, Inc.",
MACVAD Limited,
Fleetline,
"FMF Store Fixtures, Inc.",
"Mercedes-Benz USA, LLC - DBA Sprinter",MBG
"Mastercraft Boat Company, Inc.",
Shandong Jinyu Industrial Co. LTD.,000937.SZ
BOYERTOWN AUTO BODY WORKS,
"Brammo, Inc.",PII
Buy4easy Inc,
Ohlins Racing AB,ALV
"Midwest Industries, Inc.",
Woodstock Safety Mirror Co.,
"Spartan Tool, LLC",
SYMONS CORPORATION,
"Multiprens USA, Inc.",
Taizhou Tianda Rope & Belt Co. Ltd,002583.SZ
Suomy SPA,
Novae Corporation,
"OBS, Inc.",
"All Wheel Drive Equipment Mfg., Inc.",
SUTPHEN CORP.,
TOR Truck Company,
Frontline Communications,
Roadhouse Distribution Inc.,
Shark,
"Tishomingo Acquisition, LLC",
"Velvac, Inc.",
"Cycle Gear, Inc.",
Terex Aerial Work Platforms,TEX
"AFX North America, Inc.",
"China Manufacturers Alliance, LLC (CMA)",
"Femtec, Inc.",
FLY Racing,
Innovative Trailer Design Industries,
Cummings Mobility Conversion & Supply,
Allwin Powersports Corp.,
Neely Coble Company,
ITG Voma Corporation,
"BROUGHAM INDUSTRIES, INC.",
"Four Winns Boats, LLC",
"EZ Loader Adjustable Boat Trailers, Inc.",
"SEALCO AIR CONTROLS, INC.",
W. KIDDE PORTABLE EQUIPMENT,
Elkhart Coach,
"Auto Pro USA, Inc.",
RevZilla Motorsports LLC,
Cleanfuel USA,
Genera Corporation,
"Dakota Trailer Manufacturing, Inc.",
Buyers Products Company,
"Sirco Industries, Inc.",
PJ's Truck Bodies & Equipment Co.,
Tiffany Coach Builders,
TBC Corporation,GT
"Versalift East, LLC",
"Vanair Manufacturing, Inc.",
Adrian Steel Company,
Kaffenbarger Truck Equipment Company,
"Vanco USA, LLC",
"Recaro Child Safety, LLC",
APTIV,APTV
Autotech Accessories Inc.,
"Grainger (W.W. Grainger, Inc.)",GWW
SKF USA Inc.,SKFB
Greenfield Products,
Koenigsegg Automotive AB,
"Trans National Trading, Inc.",
"Directed, LLC",
AM Equipment,
"Alliance Bus Group, Inc.",
"J.C. Madigan, Inc.",
Fontaine Heavy-Haul,
Morgan 3 Wheeler Limited,
"S&S Truck Parts, Inc.",
"Jomac, Ltd",
"Special Fleet Service, Inc.",
MINNESOTA VALLEY MFG. CO.,
"Palfleet Truck Equipment Company, LLC",
James A. Kiley Co.,
"Dual-Tech, Inc.",
"Viking RV, LLC",
"Manning Equipment Inc., LLC",
Stahl,
"Utility Truck Equipment Company, LLC",
MAREMONT,
MIDAS INTERNATIONAL CORP.,MID
"Ameritrail, Inc.",
Tactical Vehicle Outfitters,
"Lotus Cars USA, Inc.",LOT
"Lodal, Inc.",
"Federal Coach, LLC",
Glaval Bus,
Lionshead Specialty Tire & Wheel LLC,
Westward Industries,
"Advanced Wheels Of Technology, Inc.",
John Deere,DE
Federal Corporation,
WESTERN PRODUCTS,
"MOODY MFG., INC.",
"LiquidMetal Motorsports, Inc.",
"Dueco, Inc.",
Crossroads RV,
"Speedway Motors, Inc.",
"Muncie Power Products, Inc.",
"Rapiscan Systems, Inc.",SMIN
The Gates Corporation,GTES
Landi Renzo USA,LNDR
Northwest Custom Campers,
E.D. Etnyre and Co.,
Intercontinental Truck Body,
"Three Feathers Manufacturing, LLC",
"R&M Trailer Manufacturing, Inc.",
"Freedom Motors, Inc.",
Trailers USA Inc.,
BOSS HOSS CYCLE,
"Almared, Inc.",
"Marathon Coach, Inc.",
"ALTAI INTERNATIONAL, INC.",
"Four Wheel & Six-Pac Campers, Inc.",
Nomad Global Communications Solutions,
"Schwing America, Inc.",
"Winnebago of Indiana, LLC",WGO
"Nu Wa Industries, Inc.",
"Cornelius Manufacturing, Inc.",
"PARAMOUNT TANK, INC.",
Bay Bridge Manufacturing LLC,
"Cargo South, Inc.",
"Monaco RV, LLC",
CJay Trailers Inc.,
"Sharp Manufacturing, LLC",
"Double R Trailer Mfg., Inc.",
Extang Corporation,
Marathon Homes Corporation,
"Covered Wagon Trailers, LLC",
CLEMENT INDUSTRIES,
"Wells Cargo, Inc.",
"Wells Industries, Inc.",
"Haulmark Industries, Inc.",
HL Enterprise Inc.,
"Mirage Enterprises, Inc.",
"Space Craft Mfg., Inc.",
"NEW FLYER OF AMERICA, INC.",NFI
"Elite Trailers, Inc.",
"SK Innovation Co., Ltd.",96770
Carlisle Transportation Products,
"Orbit Baby, Inc.",
Neo Manufacturing Inc. LLC,
"Trailex, Inc.",
"Exiss Sooner Trailer Manufacturing, LLC",
"RC Trailers, Inc.",
"A-Z Bus Sales, Inc.",
ILJIN USA Corporation,
"Wheel Pros, LLC",
"Keyline Sales, Inc.",
Outlaw Conversions,
Automobili Lamborghini America LLC,VOW3.DE
Emmett Door Inc.,
"Dressen Custom Trailers, Inc.",
NATIONAL AMBULANCE BLDRS,
"Eagan Manufacturing, Inc.",
DETROIT DIESEL CORP.,DTG
"Cargo Craft, Inc.",
"Craftsmen Industries, Inc.",
Bloomer Trailers,
NOV Rolligon,NOV
Chalet RV,
"Augusta RV, LLC",
Cowtown Sleepers & Pick-up Tops,
Hart Trailer LLC,
"Arising Industries, Inc.",
"Coose Trailer Manufacturing, Inc.",
"Horton Vans, Inc.",
"Cimarron Trailers, Inc.",
"Sure Power, Inc.",
Team Spirit Trailers of Elkhart,
"Circle D Corporation, Inc.",
"Kingston Trailers, Inc.",
Homesteader LLC,
"Jackson Mfg. Co., Inc.",
Oreion Motors LLC.,
"Dutchmen Manufacturing, Inc.",
"Peterson Industries, Inc.",
DDT Mobility Inc.,
"A&M Systems, Inc.",
LSR Conversions,
Continental Aftermarket GmbH,CON.DE
Recreation By Design,
"American Surplus & Manufacturing, Inc.",
"Intech Trailers, Inc.",
"Sportworks Northwest, Inc.",
"Cequent Performance Products, Inc.",
VETTER,
"Beijing Capital Tyre Co., LTD",01287.HK
Fastec Industrial Corp.,
"Nissin Kogyo Co., LTD",7230
Matthews Specialty Vehicles,
"TMC Group, Inc.",
"Kuryakyn Holdings, LLC",
Logan Coach,
La Boit Specialty Vehicles Inc.,
Motovan Corporation,
Sutrak USA,
Stoneridge Inc.,SRI
CODA Automotive,
"Elite Trailer Manufacturing, LLC",
"KBC America, Inc.",
New Heights LLC,
"Magic Tilt Trailers, Inc.",
COLT INDUSTRIES,
KONI North America,
Westmor Industries,
C. E. White Company,
"Club Car, Inc.",
"Explorer Van Company, Inc.",
"Schneider Electric USA, Inc.",SU
Sika Corporation,SIK
"Hitch-Hiker Mfg., Inc.",
"Progressive Dynamics, Inc.",
US Specs,
Zhejiang Jixiang Motorcycle Fittings Co.,
"Hodyon, Inc.",
"Fram Group Operatons, LLC",
Maxion Wheels/Hayes Lemmerz,
"Neotek Corporation, Inc.",
AXLE & EQUIP. SALES CO.,
Harsco Rail,
"TRANSIT MANUFACTURING,INC",
"Creative Bus Sales, Inc.",
"NEW PARIS ENTERPRISES,INC",
"Phenix Enterprises, Inc.",
Medtec Ambulance Corporation,
BUTLER MANUFACTURING CO.,
"Nissens North America, Inc.",NIS
Hydraulic Supply Co.,
"ALUMINA, INC",
Gorilla Automotive Products,
Fuel,
Express Trailers,
"ACCESS OPTIONS, INC",
Biltwell Custom Motorcycle Corp,
ANSEN WHEEL CORP.,
"RUPP INDUSTRIES, INC.",
GE Industrial Solutions,GE
"Chem-Pak, Inc.",
Super Test Corporation,
Federal-Mogul Corporation,
Vehicle Production Group LLC,
THOR INDUSTRIES,THO
"Mobility Services, Inc.",
"Geo. Heiser Body Co., Inc.",
C & C Ford,
EV-Charge America Ltd,
"Automotive Innovations, Inc.",
BHC Investment Corp.,
"NBC TRUCK EQUIPMENT, INC",
"Calhome Inc., dba T-Motorsports",
"BESI, Inc.",
B & M Manufacturing Company,
Valeo,VLEEY
"CALIFORNIA TRAILER WORKS, INC.",
"PAS, INC.",
"QINGQI GROUP MOTORCYCLE CO., LTD",
TEXAS PRIDE TRAILERS,
DEERE & COMPANY,DE
COLUMBUS CAR AUDIO,
THUNDERBIRD HEADQUARTERS,
SUPER SEER CORPORATION,
PEP BOYS,PBY
MOLLY CORPORATION,
DEL-NAT TIRE CORPORATION,
"Delta Mfg., Inc.",
"SHOREMASTER, INC.",
C Diamond F - DBA Neckover Trailers,
J & R AUTO UPHOLSTERY SHOPPE,
STARTRANS BUS CORPORATION,
UD TRUCKS CORPORATION,7202.T
"ELITE TRAILERS, INC.",
"TIGER TRAILERS, INC.",
"Butler Trailer Mfg. Co., Inc.",
AUTO DETAILER,
"STOLL TRAILERS, INC.",
Belmont Machine Co.,
UNIVERSAL TRAILER CORP. INC.,
TRAILMASTER INC.,
ROLLS RITE TRAILERS,
"Cam Superline, Inc.",
ROYAL CARGO TRAILERS INCORPORATED,
TRIAD TRAILERS LLC,
"Anderson Mfg., Inc.",
NOVA BUS INCORPORATED,VOLV-B
"United Trailers, LLC",
GALAXY HELMETS & ACCESSORIES,
"Reinke Manufacturing Company, Inc.",
COMMERCIAL VEHICLE GROUP,CVGI
NESCO BUS MAINTENANCE,
CIRCLE W TRAILERS,
GULF TRAN,
MO TRAILERS,
"MAIN MOBILITY, INC.",
ENERGY AND WATER SOLUTIONS,
"CUSTOM BUILT GOOSENECK TRAILERS, INC.",
MOBILITY CONQUEST LLC,
AUTO TRIM DESIGN OF MID MARYLAND,
"Falcon Trailer Works, Inc.",
"Roadclipper Enterprises, Inc.",
"Midsota Manufacturing, Inc.",
DAVIS EQUIPMENT CORPORATION,
"QUALITY TRAILER PRODUCTS, LP",
"Interstate Trailer, Inc.",
SOUTHEAST AUTO ACCESSORIES,
P&B TRUCK ACCESSORIES,
TRISTATE LEATHER,
ZTECH AUTOMOTIVE IMPROVEMENTS,
SPECIALTY AUTOMOTIVE TREATMENTS,
AUTO RESTYLING,
SUNROOFS OF COLUMBIA,
JEFFCO AUTO TRIM AND GLASS,
HAMPTON ROADS SUNROOFS,
POLLET AUTOMOTIVE,
COACH AUTOMOTIVE RESTYLING-CHATSWORTH,
Z-TECH OF PEORIA,
NATIONAL AUTO SPA,
CYCLONE AUTO SEAT COVER,
RESTYLING CONCEPTS,
Azure Dynamics Corporation,
"Coachmen RV Company, LLC",
"GTC NORTH AMERICA, INC.",
"CLORE AUTOMOTIVE, LLC",
EXECUTIVE COACH BUILDERS,
"RIDE CONTROL, LLC",
"HISPEC WHEEL AND TIRE, INC.",
"WILDFIRE MOTORS, INC.",
CARLISLE BRAKE AND FRICTION COMPANY,
Mazda Motor Corp.,7261.T
ROSA TRAILER MFG,
PARKER HANNIFIN CANADA,PH
"MEDIX SPECIALTY VEHICLES, INC.",
TOMBERLIN AUTOMOTIVE GROUP,
BALDWIN FILTERS,BWA
"UNIVERSAL SPECIALTY VEHICLES, INC.",
AIMCO PRODUCTS INC.,
CARLEN CORPORATION,
CUSTOM VEHICLE OUTFITTERS,
"CHALLENGER DOOR, LLC",
SPECTAL INDUSTRIES,
AMERICAN LAFRANCE LLC,
TECHWORKS INC.,
MASTERLOCK CO.,FBIN
"AMERTEK, ININC.",
"AULICK MANUFACTURING, INC.",
"ROUSH INDUSTRIES, INC.",
QUALITY,
BEVERLY MFG. CORPORATION,
"SUPERIOR COACH INTERIORS, INC.",
CUSTOM TRIM OF AMERICA,
"AUTO FX, INC.",
"CONCO, INCORPORATED",
SPRINTER ENGINEERING & COMPLIANCE SUPPOR,
RM STROPP CO.,
M&O INTERNATIONAL MARKETING,
EXTREME CAR AUDIO,
"SUMMIT SOUND & SECURITY, LTD",
AUTOMOTIVE SPECIALTIES LLC,
AUTO SUNROOF CO. INC.,
KANDI USA INC.,KNDI
"ITOCHU International, Inc.",8001.T
LINK-BELT CONSTRUCTION EQUIPMENT CO.,
COLUMBIA PARCAR CORPORATION,
SUSPENSION INTERNATIONAL PARTS,
"ZF SALES & SERVICE NORTH AMERICA, LLC",ZF.F
"AFFINIA GROUP, INC.",AFN
"R.O. PRODUCTS, INC.",
TRANSARCTIC CANADA INC.,
"DIRECTED ELECTRONICS, INC.",
ACCURIDE CORPORATION,
U.S. DRIVE RIGHT,
"DALEWOOD MFG. CO., INC.",
AUTOMOTIVE CONCEPTS,
"ADVENTIVE IDEAS, LLC",
"AUTO ADDITIONS, INC.",
"ALTEC ENVIRONMENTAL PRODUCTS, LLC",
redundant HEIL TRAILER entry,
"GEOMARC, INC.,",
MAGNUM SHEILDING CORPORATION,
NEW GOSHEN COACH,
ERICKSON AUTO TRIM,
"Merritt Trailers, Inc.",
EIS AUTOMOTIVE CORP.,
TEXAS AUTO TRIM,
DEALER VALUE SERVICES,
AUTOMOTIVE ELEGANCE,
"Eton America, LLC",
SUNLINE SUNROOFS,
AUTO TRIM DESIGN OF UTAH,
KEY AUTO SERVICE,
COACH AUTO RESTYLER,
KAR PRODUCTS INC.,
AUTO TRIM DESIGN OF ND,
KWIK-LOC CORPORATION,
SIERRA CUSTOM INTERIORS,
SUNROOFS ETC,
BLAINES AUTO ACCESSORIES,
AUTOCRAFT RESTYLING,
INTEGRITY CUSTOMS,
RICHIE'S AUTO RESTYLING,
ASC/SAN DIEGO,
ROGERS STEREO,
THE AUTO BOUTIQUE,
"TRUCK SERVICES, INC.",
"SUNROOF & RESTYLERS CITY, INC",
DUTTON'S UPHOLSTERY,
AUTO ACCENTS,
GOSHEN COACH,
POP'S TOP SHOP,
"THINK NORTH AMERICA, INC.",
"TOPS UNLIMITED, INC.",
"WEBASTO PRODUCT NORTH AMERICA, INC.",
FLORISUN CUSTOM COACH,
DYNAMAX CORPORATION,
HAMS UPHOLSTERY,
"MARK FARIES TOP & TRIM, INC.",
"E&G CLASSICS, INC.",
KING OF THE ROAD,
ATD OF SIOUXLAND,
SOFT N' CUSHY AUTO UPHOLSTERY & ACCESSOR,
"AUTOHAUS AUTOMOTIVE, INC.",
UNITED SPECIALTIES INC.,
CC TOPS,
KOI WILCOX,
"WEBSTER'S ULTIMATE PERFORMANCE, LLC",
"AUTOXTRAS, LLC",
FAIRPLAY ELECTRIC CARS,
DON RITACCO & CO. LTD,
M & M AUTOMOTIVE,
ACCESSORIES UNLIMITED,
"AUTO OPTIONS, INC.",
DEALER WORKS INC.,
TEXAS AUTO TOPS OF AUSTIN,
"CHUCKS TOPS & TRIM, INC.",
"AUTO INTERIOR DECORATORS, INC.",
LUVERNE FIRE APRTS. CO.,
BENEFIT AUTO SERV. CORP.,
"UNI-SUN, INC.",
"MACHINE TOOL & GEAR, INC.",
"ROAD RUNNER TRAILERS, INC.",
"AE SUNROOFS, LLC",
TOP COVERAGE,
T&E ENTERPRISES,
GALVIN GLASS,
"TEREX UTILITIES, INC.",TEX
TRAVEL UNITS INC.,
"Saab Cars North America, Inc.",
"AUTO TRIM DESIGN OF CENTRAL VA, INC.",
CARGILE INC. (CUTTER),
FEDERAL-MOGUL CORPORATION,TEN
"ALPS ELECTRIC CO., LTD",6770.T
S&C AUTOMOTIVE,
"UNIVERSAL TRAILERS, INC.",
CHALMERS SUSPENSIOUS INTL,
"LOADMASTER TRAILER COMPANY, LTD",
KINEDYNE CORPORATION,
"PRECISION AUTO UPHOLSTERY, INC.",
"JL AUDIO, INC.",
"All American Specialty Vehicles, LLC",
SHOWTIME CONVERSIONS,
"ROGUE INDUSTRIES, INC.",
SIEMENS CORPORATION,SIE.DE
AUTO AIR COMPANY,
CHIEF INDUSTRIES,
DON'S AUTO UPHOLSTERY,
PRIME TIME MANUFACTURING,
"ATTENTION TO DETAIL, INC.",
"C & C TOP SHOP, INC.",
COACH AUTOMOTIVE ACCESSORIES,
TREDIT TIRE & WHEEL CO INC,
PRESTIGE AUTO SPECIALTIES,
AUTO TRIM DESIGN & GLASS,
AUTO TRIM RESTYLING,
SOUTHSIDE TRIM,
BLUE SKY CUSTOM AUTOMOTIVE RESTYLERS,
SAN FRANCISCO MAZ,
COACH AUTOMOTIVE RESTYLING,
SKIP'S SUNROOFS,
AUTO OUTFITTERS,
GOLDWORKS & GRAPHICS,
TRUCK & AUTO ELEGANCE,
TERRY POE AUTOMOTIVE,
STEGALL AUTO ACCESSORIES,
HYUNDAI CARIBBEAN-PUERTO RICO,005380.KQ
FINISH LINE,
"ROD'S CUSTOM BODY SHOP, INC.",
"AUTO UPGRADE OF N.E., INC.",
COFFMAN AUTO GLASS,
AUTOMOTIVE IMPROVEMENTS,
AUTO IMAGE,
SOLAR VISION,
LUND CADILLAC,
CARLISLE TIRE AND WHEEL,
BRECKENRIDGE,
VIP DISTRIBUTING CO.,
"Bentley Motors, Ltd.",VOW3.DE
"Zhejiang Xingyue Vehicle Co., Ltd.",
"MARATHON SEAT COVERS, INC.",
Adventure Manufacturing,
"JAG MOBILE SOLUTIONS, INC.",
"GARMIN INTERNATIONAL, INC.",GRMN
NATIONAL SEATING COMPANY,
"GENERAL PARTS, INC.",GPC
"BAD BOY ENTERPRISES, LLC",
EL DORADO R.V. INC.,
"BEDINABOX, LLC",
"Wheego Electric Cars, Inc.",WHEG
DRIVING SPECIALTIES LTD,
LUND INTERNATIONAL INC.,
"BUSWEST, LLC",
"KONGSBERG POWER PRODUCTS SYSTEMS I, INC",KOG.OL
DIMPLEX NORTH AMERICA LTD.,
FOUR WINDS INTERNATIONAL,
"Bell Sports, Inc.",
"ALL IN ONE MOBILITY, INC.",
ARIZONA MOBILITY PRODUCTS,
SUBURBAN,
"ROLL-RITE, LLC",
EIS BRAKE PARTS,
"Load Rite Trailers, Inc.",
"FCP GROTON, LLC",
UFI FILTERS USA,
"Wildcat Mfg. Co., Inc.",
FABTECH MOTORSPORTS,
ADVANCED CARBON COMPOSITES INC.,
WESTPORT FUEL SYSTEMS INC,WPRT
RIDE-AWAY CORPORATION,
COMM-TRANS,
Nitto Tire U.S.A. Inc.,5110.T
H. A. DEHART & SONS,
"REMY POWER PRODUCTS, LLP",BWA
"Metal Fabrication, Inc.",
XENON-VISION,
"STERLING TEK, INC.",
"Nokian Tyres, Inc.",NRE1V.HE
"AMERICAN CAR CARE CENTERS, INC.",
"DAIHATSU AMERICA, INC.",7203.T
Chrysler Group Global Electric Motorcars,FCAU
"General Coach America, Inc.",
"TRAILMANOR, INC.",
"CHINADA INDUSTRIES, INC.",
MILES-KIMBALL,
AMERICAN SEATING COMPANY,
"ALUMA TOWER COMPANY, INC",
AVCO CORPORATION,TXT
"CUES, INC.",
"ENG MOBILE SYSTEM, INC",
"BELKIN INTERNATIONAL, INC.",
CUSTOM CHROME,
"LERADO SUCCESS, INC",
"EATON AEROQUIP, INC.",ETN
"VULCAN TRLR. MFG. CO.,INC",
QUALIS AUTOMOTIVE LLC,
PANTHER MOTORS INC,
"BIRMINGHAM MFG. CO., INC.",
"MILLENNIUM TRANSIT SERVICES, LLC",
"LUMINATOR HOLDING, LP",
PERSONALIZED VANS AND TRUCKS,
LIFT-U,
GIRARDIN MINIBUS INC.,
"CHANGZHOU NANXIASHU TOOLS CO., LTD",
ACCESS MOBILITY CENTER,
R&R MOBILITY VANS & LIFTS INC.,
DRIVE MASTER CO. INC,
VAN PRODUCTS MOBILITY & COMMERCIAL,
"ACCESSIBLE VANS & MOBILTIY OF NY, LLC",
THE CUSTOMIZERS INC.,
"BOULEVARD VAN CITY, LLC",
AUTO SPECIALTIES MFG. CO.,
"FASHTEK, INC.",
"LEISURE TRAVEL VANS, LTD",
RIDE-AWAY HANDICAP EQUIPMENT,
FREEWHEEL MOBILITY,
"ACCESSIBLE VANS & MOBILITY, LLC.",
TIFFANY COACHWORKS,
AMERICAN RIVER MOBILITY INC.,
WEST TEXAS REHABILITATION CENTER,
"EBL ENTERPRISES, INC.",
"IMPORT PRODUCTS CO., INC.",
"J'S MOBILITY UNLIMITED, INC.",
"HANDICAPPED DRIVER SERVICES, INC.",
SPECIALTY MANUFACTURING CO.,
"CLASSIC MOTORWORKS LIMITED, USA",
DOUGLAS AUTOTECH CORP.,
"ROCK KRAWLER/PURE PERFORMANCE GROUP, INC",
Central Purchasing,
BI-MART,
"Northern Tool & Equipment Company, Inc.",
DORSEY CORPORATION,
"MENARD, INC",
"FRED MEYER STORES, INC.",KR
ARMOR REX INC,
"GNU INDUSTRIES, INC.",
VERTEX AUTOMOTIVE,
"Triple Play Products, LLC",
"MOZO PRODUCTS, LLC",
"DOPE, INC.",
TEREX LOAD KING,TEX
"EURODEZIGNS, INC.",
"JONWAY MOTORSCOOTER USA CO., LTD",
"TEAM-TEX AMERICA, INC",
ROGERS BROS. CORP.,
EMPIRE COACH COMPANY,
SABERSPORT,
MATLOCK TRK BODY&TRLR CO.,
VAN CONVERSIONS OF LEHIGH VALLEY INC.,
SPECIAL INTEREST CAR PART,
ATLANTIC BUS SALES,
"S&S CANOPIES & CAMPERS MFG., INC.",
"Long Chih Industrial Co., Ltd.",
"RECARO NORTH AMERICA, INC.",
WEST COACH CORPORATION,
INNOVATIVE ENGINEERING,
STARCRAFT BUS AND MOBILITY,
"EURO TRENZ, INC.",
"Dakota Manufacturing Co., Inc.",
"CENTURY INDUSTRIES, LLC",
COMM TRANS SULLY CORPORATION,
LEADER Emergency Vehicles,
RIVERS BUS SALES,
"ONENESS MOBILITY SERVICES, LLC",
AMERICAN EMERGENCY VEHICLES,
NEVILLE WELDING INC,
MAURER MANUFACTURING INC.,
"Peg Perego USA, Inc.",
"PROCESS ENGINEERING, INC.",
TITAN COACHES,
A WORK OF ART MFG.,
COLONIAL EQUIPMENT COMPANY,
ASHDOWN MFG. CORP.,
GREAT AMERICAN TROLLEY CO.,
SUNSET VANS INC.,
TEXAS BUS SALES,
"NEW YORK BUS SALES, LLC",
Glendale Recreational Vehicles,
WARRIOR INDUSTRIES,
RIFLED AIR CONDITIONING SYSTEMS,
ILDERTON CONVERSION CO.,
WILLARD'S GARAGE & RHINO LINING OF BILLI,
MYERS EQUIPMENT CORPORATION,
DILL AIR CONTROLS PRODUCTS,
DUSTER CAMPER II INC.,
CANYON STATE BUS SALES,
"TRIANGLE SUSPENSION SYSTEMS, INC.",
STARDUST CRUISER MFG. CO.,
SUPERIOR TRLR WORKS CORP.,
"M H Eby, Inc.",
3M COMPANY TRAFFIC SAFETY SYSTEMS DIV.,MMM
"COWBOY CLASSIC CONVERSIONS, INC",
ECLIPSE SPECIALTY VEHICLES,
HENDRICKSON MFG. CO.,
"TL INDUSTRIES, INC.",
RENEGADE RV,
DOUBLE B TRAILERS LLC,
"FORKS RV, INC.",
"CACHE CAMPER MFG., INC.",
WHEELHORSE CONVERSIONS,
"R & S UNLIMITED, INC.",
"ALLEN CAMPER MFG. CO., INC.",
"Pegasus Vans & Trailers, Inc.",
"K & D CUSTOM COACH, INC",
PETE'S CUSTOM CONVERSIONS,
GAMBER-JOHNSON LLC,
"Saleen, Inc.",
WEST TEXAS CONVERSIONS,
ROLLING THUNDER CONVERSIONS,
MALLARD COACH CORP.,
"TRANSPORT DESIGNS, INC.",
"Xl Specialized Trailers, Inc.",
"Airxcel, Inc.",
"ADVANCED POWER SYSTEMS INTERNATIONAL, IN",
LA BOIT INC.,
"POLARIS INDUSTRIES, INC.",PII
MILES ELECTRIC VEHICLES,
"Sundowner Trailers, Inc.",
BETHLEHEM FABRICATORS,
"AROUND TOWN TRANSPORTATION PRODUCTS, LLC",
"MORONEY BODY WORKS, INC.",
"TROLLEY ENTERPRISES, INC.",
HEHR INTERNATIONAL,
"ANW GROUP, INC.",
"SONAR AUTO PARTS CO., LTD.",
"VAN HOOL, N.V. (*)",
BCI (BUS & COACH INTERNATIONAL),
HILBILT MFG. CO.,
SUNRAY RV LLC,
TETON HOMES,
EAGLE EYES TRAFFIC INDUSTRIAL CO. LTD,
SIDUMP'R TRAILER COMPANY,
PLEASURE-WAY INDUSTRIES LTD.,
"MOTION PRO, INC.",
OSHKOSH SPECIALTY VEHICLES,OSK
"ROLLING M, INC.",
"INTERNATIONAL MERCHANDISING SERVICE, INC",
"Sun Valley, Inc.",
PATHFINDER AUTO LAMP CO.,
K2 MOTOR CORPORATION,
BEST DUBS CORPORATION,
JET COMPANY,
SMART USA DISTRIBUTOR LLC,MBG.DE
BENDIX SPICER FOUNDATION BRAKE LLC,KBX.DE
"S&P CONVERSIONS, LLC",
"CREATIVE MOBILE SYSTEMS, INC.",
"SUPER VACUUM MFG. CO., INC.",
RVSQUARED INC.,
"DREAM SHAK, LLC",
"Frontier RV, Inc.",
"Frontier RV of Georgia, LLC",
BISON MANUFACTURING LLC,
"J&L TANK, INC.",
"FTCA, Inc.",
HYOSUNG MOTORS AMERICA INC.,
"SILVER CROWN, LLC",
"Pilgrim International, Inc.",
J&L CARGO EXPRESS,
R-VISION,THO
THOR AMERICA,THO
"Roadmaster, LLC",
HAWKEYE TRUCK EQUIPMENT,
"Extreme RV, LLC",
REXHALL INDUSTRIES INC,
"DOUBLE DUTY RV CONVERSIONS, INC.",
WICKED WOMAN CHOPPERS LLC,
JENSEN TRAILERS,
MIKE'S PERFORMANCE AUDIO,
LONGHORN CONVERSIONS,
GORE TRAILER MANUFACTURER,
BADER WOODWORKING,
"ALOUETTE REC PRODUCTS,INC",
TECH INTERNATIONAL,
AUTOSTART,
COOPER STANDARD AUTOMOTIVE,CPS
SPORT TRAILERS,
MOBILE CONCEPTS BY SCOTTY INC.,
FEDERAL-MOGUL CHASSIS PRODUCTS,
"UNITED MOTORS OF AMERICA, INC",
"KIDRON, INCORPORATED",
Vectrix Corporation,
"TRANSPORT SYSTEMS, INC.",
"DIAMOND REO TRUCKS, INC.",
PRO COMPETITION TIRE COMPANY,
"TBEI, INCORPORATED",
"TRUXXX MANUFACTURING, LLC",
SURE TIRE COMPANY,
KALYN/SIEBERT,
"Big Bear American Made Choppers, Inc.",
Road Systems Incorporated,
OZNIUM LLC,
HYSTER COMPANY,KGX.DE
INTERCONTINENTAL AUTO PARTS,
"POLYMER PROCESS DEVELOPMENT, LLC",
ECO WHEEL CORPORATION,
"ZIMMERMAN INDUSTRIES, INC.",
"JLEVI STREETWERKS, LLC",
ACTIVE TECHNOLOGY,
"ALFA LEISURE,INC.",
"WESTERN RECREATIONAL VEHICLES, INC.",
VCAN SPORTS,
INTERMOTIVE VEHICLE CONTROLS,
MID BUS CORPORATION,REVG
HI-LO TRAILER CO.,
HELEN OF TROY,HELE
RODIA HELMET MANUFACTURE,
WEEKEND WARRIOR TRAILERS INC.,
"SAFELITE FULFILLMENT, INC.",SGO.PA
"MOSS MOTORS, LTD",
"AUTOZONE PARTS, INC.",AZO
"MIAMODA, INC.",
"LINK MANUFACTURING, LTD",
THULE TOWING SYSTEMS LLC,THULE.ST
"EAST SIDE CUSTOM CHOPPERS, INC.",
PALOMINO RV,
"SPYDER, INC.",
"HONEYWELL INTERNATIONAL, INC.",HON
"ACTION AUTO BODY, INC.",
"KES, INC.",
NATIONAL R.V. INC.,
GM DAEWOO AUTO & TECHNOLOGY COMPANY,GM
"IL LI INDUSTRIAL CO., LTD.",
SCOTT HEALTH & SAFETY,MMM
TEST RITE PRODUCTS CORP.,2908.TW
PROGRESSIVE INDUSTRIES,
WU'S INTERNATIONAL TRADE,
"NATIONAL RV, INC.",
J&S CUSTOM TRAILERS,
"BUNK HOUSE CONVERSION, INC.",
"KINGSLEY COACH, INC.",
"Franklin Coach Co., Inc.",
"DELTA TECH INDUSTRIES, LLC",
"GRA-MAG TRUCK INTERIOR SYSTEMS, LLC",
"SHOOK MOBILE TECHNOLOGY, L.P.",
STEELE QUALITY LLC,
"HIGH TECH PERFORMANCE TRAILERS, INC.",
"ERVIN EQUIPMENT, INC.",
Daimler Commercial Buses NA,DTG.DE
CEQUENT ELECTRICAL PRODUCTS,
DICK WALTERS RV'S,
HARMAR INC.,
ARI LEGACY SLEEPERS,
K-TOOL INTERNATIONAL,
"ANZO USA, INC.",
"VISIONTREX, LLC",
"PERFORMANCE DEPOT, INC.",
VANSCO ELECTRONICS LP,
"KOCH PERFORMANCE GROUP, LLC",
"BEAMS INDUSTRIES, INC.",
DAIMLERCHRYSLER MANUFACTURING INTL,DAI.DE
MAGURA USA CORPORATION,
AMERICAN TRUCK COMPANY,
Komfort Corporation,
HOPKINS MANUFACTURING CORP.,
GENERAL COACH - HENSALL,
HYLINE INTERNATIONAL,
"THE COAST DISTRIBUTION SYSTEM, INC.",
"Thor California, Inc.",THO
"NEAC, INC.",
BLING LIGHTS LLC,
"DURA AUTOMOTIVE SYSTEMS, INC.",
RC COMPONENTS,
TECHNOLOGY RESEARCH CORPORATION,
"Wood Manufacturing Co., Inc.",
HARSCO TRACK TECHNOLOGIES,HSC
DENMAN TIRE CORPORATION,
"PROHAULER TRAILERS, INC.",
PHOENIX AMERICA INC.,
"ROMANOW ENTERPRISES, INC.",
"EZ LOADER CUSTOM BOAT TRAILERS, INC.",
SPORTSCOACH OF AMER.,
"BLACK & DECKER, INC.",SWK
"Gem State Mfg., Inc.",
"PIVIT HITCH, INC.",
EXTREME ENGINEERING INC.,
"MOMO AUTOMOTIVE ACCESSORIES, INC.",
"CARDONE INDUSTRIES, INC.",
RELIANCE TRAILER COMPANY,
GILBERT RV CONVERSION,
AMERICAN TRAVEL SYSTEMS,
BEARCAT CORPORATION,
VEHICLE ENHANCEMENT SPECIALTY PRODUCTS,
"STELLAR INDUSTRIES, INC.",
MANSFIELD,
"SPARCO MOTOR SPORTS, INC.",
"HMS MOTORSPORT, LTD.",
GRAHAM-WHITE MANUFACTURING COMPANY,
LES ENTREPRISES M.CORBEIL,
FALCON TIRES,
J & A AUTO ACCESSORIES,
"CMSI, INC.",
"LKI ENTERPRISES, INC.",
SOARING HELMET CORPORATION,
BCS INTERNATIONAL,
"ROSTRA PRECISION CONTROLS, INC.",
"JOBAR INTERNATIONAL, INC.",
"VANCE LEATHERS, INC.",
DEL- NAT TIRE CORPORATION,
CARFILO,
"RACE CITY RV PRODUCTS, LLC",
EAGLE TRAILERS INC,
Tomy International (Learning Curve Brand,7867.T
NUWA INDUSTRIES INC.,
NITROUS OXIDE SYSTEMS,
FAUN GMBH,000157.SZ
SHADOW CRUISER CORP.,
TRANSPEC WORLDWIDE,
MICKEY THOMPSON,
LIEBHERR-WERK EHINGEN GMBH,
MASCO CANADA LIMITED,MAS
"EIBACH SPRINGS, INC.",
INTELLITEC,
ZF LENKSYSTEME,
"AMERICAN PRODUCTS COMPANY, INC.",
"STIGERS TRAILER MANUFACTURING, INC.",
Treadways Corporation,
"GENUINE SCOOTER CO, LLC",
DOUGLAS MARINE CORPORATION,
DIAMO USA,
"LUCENT STYLES, INC.",
"JUNO IND., INC.",
ALCOA AL. CO. OF AMER.,AA
"CHINEX APPAREL, INC.",
GUIDE CORPORATION,NPO
"KERR LEATHERS, INC.",
QUALITY STREET CARTS,
"KROWN MFG. CO., INC.",
"CHALLENGER LIFTS, INC.",
S&S CYCLE INC,
LABRIE EQUIPMENT LTD.,
"AUTO PAW TRADING, INC.",
"KWANG YANG MOTOR CO., LTD",KYM
TRADESONIC,
SEIBERLING TIRE & RUBBER,
AJ MOTORSPORT,
"AAI MOTORSPORTS USA, LLC",
AUTOXTYLE,
ORION BUS INDUSTRIES LTD.,
"GENMAR HOLDINGS, INC.",BC
"SABRY LEE, INC.",
"CK MOTORSPORT, INC.",
"IRBIT MOTORWORKS, INC",
"R&B, INC.",
BEDARD TANKERS INC,
E SPEED RACING,
ALFAOTTO AUTO ACCESSORIES,
CEDAR CREEK,
"CONSTRUCTORS RACING GROUP, LLC",
Demers Ambulances,REVG
AUTO DIRECT SAVE,
"HJC AMERICA, INC.",
"TOM MOTORSPORT, INC.",
HIDYNAMIC CORPORATION,
MUSTANG TRAILER MANUFACTURING,
RICARDO CRUZ DISTRIBUTORS,
"PRO-A MOTORS, INC.",
"POLI-AUTO, INC.",
GPX INTERNATIONAL TIRE CORPORATION,
"FOREIGN PARTS DISTRIBUTORS, INC.",
"KONALRAD PRODUCTS, INC.",
"PACE AMERICAN, INC.",
"ZF TRADING NORTH AMERICA, LLC",ETR: ZF
"VEHICLE IMPROVEMENT PRODUCTS, INC.",
"TRAVIS BODY & TRAILER, INC.",
UMNITZA,
AUTOMOTIVE ACCESSORY CO. LTD.,
"REXNORD, INC.",RXN
QUALITY COACHES INC.,
"COAST MACHINERY, INC.",
AMERICAN RACING EQUIPMENT,
WELD-IT COMPANY,
"ACCESSORIES MARKETING, INC.",
GRAND GENERAL ACC. & MFG.,
OPTRONICS PRODUCTS COMPANY,
KALEX ENTERPRISE CORPORATION,
"UNI-BOND LIGHTING AND SAFETY, LLC",
TUTHILL TRANSPORT TECHNOLOGIES,
SPX FILTRAN,SPXC
VALLEY INDUSTRIES,
OFF-ROAD TECHNOLOGY,
NORTHWOOD MFG OF VA,
"Doolittle Trailer Mfg. Co., Inc.",
H&H TRAILER COMPANY,
"BRI-MAR MANUFACTURING, LLC",
"AMERICAN REMANUFACTURERS, INC.",
OPTIMA BUS CORP,
SIGNAL DYNAMICS CORPORATION,
GENERAL ELECTRIC COMPANY,GE
"AUDIOVOX SPECIALIZED APPLICATIONS, LLC",
"JOHN H. ENTERPRISE, INC.",
BETTER BRAKE PARTS,
"CYBER POWER SYSTEMS (USA), INC.",
"VEHICLE SAFETY MANUFACTURING, LLC",
"VICTOR PRODUCTS, INC.",
"HACKNEY AND SONS, INC.",
COMET CORPORATION,
MILLENNIUM LUXURY COACHES,
"AMERICAN SUPERLITE, INC.",
AMERICAN CARRIAGE INC.,
"VEMAR HELMETS, SRL.",
American IronHorse Motorcycle Company,
"INDIANA PHOENIX, INC.",
"EQUISTAR CHEMICALS, LP",LYB
FALKEN TIRE CORPORATION,TYO: 5110
"PRF INDUSTRIES, INC.",
"ROAD RESCUE, INC.",
"RFD COMPONENTS, INC.",
"VEHICLE SYSTEMS, INC.",
MOBILE TECH CORPORATION,
CEQUENT TOWING PRODUCTS,
Carriage Industries,
"JLG Industries, Inc.",OSK
CARRIER TRANSPORT AIR CONDITIONING CO.,
DOT CHEMICAL,
"TARASPORT TRAILERS, INC.",
LACLEDE CHAIN MANUFACTURING,
"PRO AIR, INC.",
"VISION MOTOR SPORTS, INC.",
"HKS U.S.A., INC.",
H&W TRAILER,
ZAMP SPORTS CORP.,
XEQUIPPED.COM,
"YOUR TRUCK SHOP, INC.",
EATON HYDRAULICS DIVISION,ETN
SICARTEX AUTOZUBEHOR CURT WURSTL GMBH,
HEHR INTERNATIONAL INC.,
HACKNEY,
INDEPENDENT DRIVING SYSTEMS,
FEDERA-MOGUL CORPORATION,
TRIPLEX MANUFACTURING COMPANY,
"Pro-Trak Trailers, Inc.",
"VERITRANS SPECIALTY VEHICLES, INC.",
MITSUBISHI CARIBBEAN,7211
BUSTIN INDUSTRIAL PRODUCTS,
"UNIFIED MARINE, INC.",
"SMARTIRE SYSTEMS, INC.",
"REALWHEELS COVER COMPANY, INC.",
"SURE-LOK, INC.",
DAEWOO MOTOR DE PUERTO RICO,
IMPORTHOOKUP.COM,
"AMERICAN IKARUS, INC.",
Beall Corporation,
"NEW CLOR, INC.",
"CLEAN AIR POWER, INC.",
"SO.AMBULANCE BLDRS., INC.",
THE LITTLE TRAILER COMPANY,
DAEWOO MOTOR AMERICA,
TRW OCCUPANT SAFETY SYSTEMS,ZF
RV MANUFACTURING ENTERPRISES LLC,
"POWERGROUP INTERNATIONAL, LLC",
GANS,
POTOMAC RV LLC,
KATTLE KING TRAILER CO.,
"HAFENDORFER MACHINE, INC.",
"COUPLED PRODUCTS, INC.",
"KWIKEE PRODUCTS COMPANY, INC.",
"BESTOP, INC.",
NEXGEN FUELING,
STRUCTURAL COMPOSITES INDUSTRIES,
EMC,
"SEATTLE SPORTS COMPANY, INC.",
"SAMSUNG ELECTRONICS CO., LTD",5930
"MTD CONSUMER GROUP, INC.",
PRO-STREET FRAMEWORKS,
ALMIX,
"GALAXY TIRE & WHEEL, INC.",
"Kumho Tire Co., Inc.",73240
"CLARK TRAILER SERVICE, INC.",
"MATE, INC.",
"General Engines Company, Inc.",
UNION CITY BODY COMPANY LLC,
ALLQUALITY ENTERPRISES,
"BENSON INTERNATIONAL, INC.",
AMSAFE COMMERCIAL PRODUCTS,
"DURAKON INDUSTRIES, INC.",
"HALE TRAILER BRAKE & WHEEL, INC.",
METZELER MOTORCYCLE TIRE,
TRAILBOSS TRAILERS INC,
MID-WEST CHOPPERS,
"SILENT DRIVE, INC.",
HORTON EMERGENCY VEHICLES,
"STREET GLOW, INC.",
NU PERFORMANCE DISTRIBUTING,
"G.R. MOTORSPORTS, INC.",
PARKER HANNIFIN CORP.,PH
Landoll Corporation,
MCCULLOCH MOTORS,
"NOVA DELUXE, INC.",
STEPHENS PNEUMATICS,
Rhodes Trailers,
"PALMER MACHINE WORKS, INC.",
"ZACKLIFT INTERNATIONAL, INC.",
JOHNSON SMITH COMPANY,
PEERLESS LIMITED,
"CHARIOT EAGLE WEST, INC.",
ACRO TRAILER COMPANY,
"MR. SAFETY CHECK SYSTEMS, INC.",
RV PRODUCTS,
HARLEY MURRAY INC.,
LIBERTY BUS INCORPORATED,
"Webb Wheel Products, Inc.",
"PACIFIC MICRO-LITE, INC.",
SPW INDUSTRIES,
LIGHTING RESEARCH,
GLOBETECH MANUFACTURING,
"WELLCO MANUFACTURING, INC.",
"TRAILEX, LES REMORQUES DE RIMOUSKI INC",
Moto Guzzi North America,PIAG
GOODRICH CORPORATION,
NATIONAL COACH ENGINEERIN,
"SUPERIOR MANUFACTURING, INC.",
GENERAL COACH - OLIVER,
RC TRAILERS,
PARCO HESSE CORPORATION INC.,
"INTERMOUNTAIN RV, INC.",
JACOBSEN TRAILER INC.,
"SHUR SHAR MANUFACTURING, INC.",
RED RHINO TRAILER MANUFACTURING,
"SAFELINE KIDS, INC.",
ETNA WORLDWIDE,
BURTEK INCORPORATED,
APPLEBY MANUFACTURING CO.,
WIX FILTERATION PRODUCTS DIVISION,
"IRONWOOD PACIFIC, INC.",
"STAIRS WELDING, INC.",
HARLY DAVIDSON MOTOR CO. INC.,HOG
redundant TRAIL KING,
AMKO Service Company,
"KMI ENTERPRISES, INC.",
"SHREDFAST, INC.",
"Talbert Manufacturing, Inc.",
FINN CORPORATION,
"THOMAS DENNIS COMPANY, LLC",
"WHEELER STEEL WORKS, INC.",
"MOBILE TRAVELER, INC.",
"WTM, Inc.",
"CATZ USA, INC.",
COZAD TRAILERS,
SMITH CO MANUFACTURING,
"WILKENS INDUSTRIES, INC.",
MID CONTINENT TRUCK SALES INC.,
"SCHIEN EQUIPMENT, INC.",
ROBIE TRAILERS,
GENERAL TRAILER PARTS LLC,
SPARTA MANUFACTURING CORP.,
"HARMON TANK CO., INC.",
ST&E FABRICATION LLC,
MADRID MANUFACTURING INC.,
"WARREN MANUFACTURING, INC.",
"CONSTRUCTION TRAILER SPECIALISTS, INC.",
"COREY ENTERPRISES, INC.",
MARQUEZ MFG. CO.,
LEISURE TRAVEL VANS,
"PIONEER ENTERTAINMENT, INC.",
BLUE SEA SYSTEMS,
NEXL SPORTS PRODUCTS,
"FIBA TECHNOLOGIES, INC.",
"FORT WORTH FABRICATION, INC.",
"CARGOTEC, INC.",CGCBV
"ASPEN CUSTOM TRAILERS, INC.",
"JOHN M. HILL MACHINE CO., INC.",
ASHLEY EMERGENCY VEHICLES,
"Barrett Trailers, LLC",
BEST TRAILER CORPORATION,
RM RACING,
"COMANCHE MANUFACTURING, INC.",
"ARGUS ELECTRONICS, INC.",
"COONS MFG., INC.",
SOVEREIGN COLLECTION,
ENVIRONMENTAL PRODUCTS GROUP,
"ELECTRIC TRANSIT, INC.",
"CHANCE COACH, INC.",
"SAFARI MOTOR COACHES, INC.",
MASTER LOCK,FBHS
"Southern Comfort Conversions, Inc.",
AMERICAN PRODUCTS COMPANY,
"VECTOR PRODUCTS, INC.",
"DAYTON WIRE WHEEL, INC.",
"HARRISON HYDRA-GEN, INC.",
"R82, Inc.",
BELL AUTOMOTIVE,
ELECTRONIC MOBILITY CONTROLS,
V/M Custom Boat Trailers,
CAMPAGNA MOTO SPORT INC.,
"SOUND OFF, INC.",
"OTD, INC.",
"WAGNER TRAILER INTERIORS, INC.",
"K.N.L. Holdings, LLC",
"NORTHLAND INDUSTRIES, INC.",
MANCHESTER TANK & EQUIPMENT,
"KZRV, LP",
XPLORER MTR HM/FRANK DIV.,
HYUNDAI TRUCK SERVICE,HYMTF
SEARS ROEBUCK & CO.,
"NATIONAL VAN SALES, INC.",
DRIVE LINE INC.,
TRIAD MACK SALES,
PANZER MOTORCYCLE WORKS USA,
SEMINOLE TRLR. MFG. CORP.,
WELLS MANUFACTURING CO.,
NORTHPOLE USA,
"BENSON MANUFACTURING, INC.",
KENT TRUCK-TRAILER SERVICE,
J-Craft A Division of Crysteel Mfg.,
"YELLOWSTONE, INC.",
RELIANCE HEAVY DUTY TRAILERS,
WESCO TRAILER SALES,
REX-STROLL-O-CHAIR,
WARNER ELEC. BRAKE/CLUTCH,
"CRC INDUSTRIES, INC.",CRC
CRAFTSMEN LIMOUSINE,
ALLEGHENY COUPLING COMPANY,
MULLINS STEERING GEARS,
MILWAUKEE ELECTRIC TOOL CORP.,
NATIONAL OILWELL,NOV
"DIRECT LINE, INC.",
HOOVER BALL & BEARING CO.,
CONSUMERS UNION,
SEALCO COMMERCIAL VEHICLE PRO.,
XPORTATION SAFETY CONCEPTS,
"AUTO METER PRODUCTS, INC.",
WORLDPAC,
INTERAMERICAN MOTOR CORP.,
SILVERCREST WESTERN HOMES CORP,
Keller Marine & RV,
TUFF/LUGG EQUIPMENT MANUF.,
HART TRAILERS,
SELLERS MANUFACTURING INC.,
"AERO COACH, INC.",
EXPLORER COMPETITION PRODUCTS,
TELEFLEX MORSE,TFX
THE RIGHT START,
Q VALE AUTOMOTIVE GROUP,
ZEMARC CORPORATION,
MODULAR AMBULANCE CORP.,
EQUIPEMENT LABRIE LTEE,
"KRYSTAL KOACH, INC",
RANSOMES CORPORATION,
CHINOOK MOBIL LODGE CO.,
"REESE PRODUCTS, INC",
FEDERAL SIGNAL CORPORATION,FSS
"Williams Controls, Inc.",
"AUSCO PRODUCTS, INC.",
QUESTOR JUVENILE FURNITURE CO.,
VERSCH LOCK MFG. CO. INC.,
WESTPORT AXLE CORP.,
INDEPENDENCE MOTORCYCLE CO.,
"GLOBAL MOTORSPORT GROUP, INC.",
U.S. CARGO,
A. GIRARDIN INC.,
Nelson Manufacturing Company,
"EUROPA INTERNATIONAL, INC.",
HUNTER MANUFACTURING CO.,
TEKONSHA ENGINEERING CO.,
"JKL AUTO ACCESSORIES, INC.",
KME Fire Apparatus,REVG
"LBT, Inc.",
WHEEL CAMPER CORP.,
MGM BRAKES,
TRW COMMERCIAL STEERING SYS.,ZF
TIE DOWN ENGINEERING,
MAC-LANDER INC.,
Meritor Wabco Vehicle Control Systems,BWA
CHALMERS SUSPENSIONS,
ATHEY PRODUCTS CORP.,
ADVANCED ENGINE MANAGEMENT,
NORDSKOG PERFORMANCE PRODUCTS,
GRAND HALL ENTERPRISES,
OTTAWA TRUCK CORPORATION,
FOUR WINDS CMPR. MFG. CO.,
"The Holland Group, Inc.",
"RAZZ VEHICLE MANUFACTURING, LLC",
KEYSTONE AUTOMOTIVE OPERATIONS,LKQ
AMERICAN LIMOUSINE MFG. INC.,
SOONER TRAILER MFG,
"OUTBACK PRODUCTS, INC.",
"JACOBS VEHICLE SYSTEMS, INC",CMI
"CLARCOR, INC.",
DRAKE TRAILERS OF EDINBURGH,
"AM SAFE, INC.",
"NEWMAN'S MANUFACTURING, INC.",
"VANNER, INC.",
AMERICAN SUSPENSION,
"MUFFLERS,",
"Classic Manufacturing, Inc.",
"J&J SALES, INC.",
HENDRICKSON INTERNATIONAL,
"D'ELEGANT CONVERSIONS, INC.",
"WANG'S INTERNATIONAL, INC.",
"PERFORMANCE FIRST, INC.",
FULDA TIRE COMPANY,GT
STREAMLINE/GUERDON DIV.,
HOLLAND BINKLEY COMPANY,
CAR WEAR USA,
"Dabryan Coach Builders, Inc.",
LCW AUTOMOTIVE,
PICASSO COACH BUILDERS CORP,
COMMERCIAL TRANSPORTATION MFG. CORP,
VIKING COACHWORKS,
DAVINCI COACHWORKS INC,
CLASSIC LIMOUSINE,
SPRINGFIELD COACH BUILDERS,
"SUN HAWK PRODUCTS, INC.",
WARREN OIL COMPANY,
R/S TRUCK BODY CO.,
GUNITE CORPORATION,
"NOBLE TRUCK BODY, INC.",
ROBOCAR ENTERPRISES,
CK MOTORING,
"Spectre Mfg., Inc.",
"PRECISION AUTOMOTIVE IND., INC",
"B. FOSTER & COMPANY, INC.",
"PENRAY COMPANIES, INC.",
"Trailstar Manufacturing, Inc.",
"RAVENS, INC.",
AMERICAN SUNDIRO MOTORCYCLE,
FELSTED PRODUCTS LLC,
AMERICAN EAGLE MOTORCYCLE CO.,
FEATHERLITE LUXURY COACHES,REVG
"CARPENTER INDUSTRIES, INC.",
"KANNON MOTORCYCLES, LLC",
SUPERLIFT SUSPENSION SYSTEMS,
"Trailers by Dorsey, Inc.",
GROVE MFG. CO.,
MANGELS USA CORPORATION,
RAYMOND UTILITY TRAILERS,
"BASIC COMFORT, INC.",
"CONSOLIDATED METCO, INC.",
"ADCO PRODUCTS, INC.",
NHK INTEX CORPORATION,
